Username,Date,Time
Ashish,2026-04-02,14:36:57
Ashish,2026-04-02,14:38:35
Ashish,2026-04-02,14:44:26
Ashish,2026-04-02,14:44:29
Ashish,2026-04-02,14:44:36
Ashish,2026-04-02,14:44:37
Ashish,2026-04-02,14:44:38
Ashish,2026-04-02,14:44:38
Ashish,2026-04-02,14:44:38
Ashish,2026-04-02,14:44:39
Ashish,2026-04-02,14:44:39
Ashish,2026-04-02,14:44:41
Ashish,2026-04-02,14:44:41
Ashish,2026-04-02,14:44:42
Ashish,2026-04-02,14:44:42
Ashish,2026-04-02,14:44:42
Ashish,2026-04-02,14:44:43
Ashish,2026-04-02,14:44:43
Nicola,2026-04-02,14:45:26
